Gorillaz - Saturnz Barz,1.1793859649122806
Ö  GHOSTBUSTERS Ö,1.1520050125313284
Aquarela - Song N Jorney -Zadiee,1.107706766917293
Superfantástico - Balão mágico,0.9834899749373434
A Day in The Life,0.8731203007518797
A Violent Yet Flammable World,0.8726817042606515
"Mario, o leãozinho!",0.8316102756892231
